{
"meta":{"test_sets":[],"test_metrics":[],"learn_metrics":[{"best_value":"Min","name":"Logloss"}],"launch_mode":"Train","parameters":"","iteration_count":300,"learn_sets":["learn"],"name":"experiment"},
"iterations":[
{"learn":[0.6358426981],"iteration":0,"passed_time":0.1932634956,"remaining_time":57.78578518},
{"learn":[0.5924561242],"iteration":1,"passed_time":0.20459862,"remaining_time":30.48519437},
{"learn":[0.5559906133],"iteration":2,"passed_time":0.2126942548,"remaining_time":21.05673123},
{"learn":[0.5278812179],"iteration":3,"passed_time":0.2188931296,"remaining_time":16.19809159},
{"learn":[0.5059191409],"iteration":4,"passed_time":0.225081251,"remaining_time":13.27979381},
{"learn":[0.4863454848],"iteration":5,"passed_time":0.2309751569,"remaining_time":11.31778269},
{"learn":[0.4715156308],"iteration":6,"passed_time":0.2369375656,"remaining_time":9.917529532},
{"learn":[0.4564869303],"iteration":7,"passed_time":0.2429318553,"remaining_time":8.867012718},
{"learn":[0.4435955135],"iteration":8,"passed_time":0.2491791581,"remaining_time":8.056792779},
{"learn":[0.4343893268],"iteration":9,"passed_time":0.2554285789,"remaining_time":7.407428788},
{"learn":[0.4244930838],"iteration":10,"passed_time":0.2618262572,"remaining_time":6.878889849},
{"learn":[0.4163387925],"iteration":11,"passed_time":0.2688419046,"remaining_time":6.45220571},
{"learn":[0.4108790611],"iteration":12,"passed_time":0.2752626009,"remaining_time":6.076951266},
{"learn":[0.4050974726],"iteration":13,"passed_time":0.2817069485,"remaining_time":5.75487052},
{"learn":[0.3995857949],"iteration":14,"passed_time":0.2883658958,"remaining_time":5.47895202},
{"learn":[0.3955116348],"iteration":15,"passed_time":0.2950347172,"remaining_time":5.236866231},
{"learn":[0.39021351],"iteration":16,"passed_time":0.3013069211,"remaining_time":5.01587404},
{"learn":[0.3865265955],"iteration":17,"passed_time":0.3075913797,"remaining_time":4.818931616},
{"learn":[0.3832978017],"iteration":18,"passed_time":0.3142346456,"remaining_time":4.647365022},
{"learn":[0.3798248637],"iteration":19,"passed_time":0.3207030702,"remaining_time":4.489842983},
{"learn":[0.3765042371],"iteration":20,"passed_time":0.3270334333,"remaining_time":4.344872757},
{"learn":[0.3729239153],"iteration":21,"passed_time":0.3345492041,"remaining_time":4.227485397},
{"learn":[0.3700204121],"iteration":22,"passed_time":0.3413719275,"remaining_time":4.111305388},
{"learn":[0.3672572602],"iteration":23,"passed_time":0.3476426543,"remaining_time":3.997890525},
{"learn":[0.3652966058],"iteration":24,"passed_time":0.3540384917,"remaining_time":3.894423409},
{"learn":[0.3630207573],"iteration":25,"passed_time":0.3604910089,"remaining_time":3.799020632},
{"learn":[0.3614729227],"iteration":26,"passed_time":0.3676975861,"remaining_time":3.717831148},
{"learn":[0.3587928535],"iteration":27,"passed_time":0.3741377656,"remaining_time":3.634481151},
{"learn":[0.3558833219],"iteration":28,"passed_time":0.3804640552,"remaining_time":3.555370998},
{"learn":[0.3543567248],"iteration":29,"passed_time":0.3872373388,"remaining_time":3.485136049},
{"learn":[0.3528652518],"iteration":30,"passed_time":0.3935104369,"remaining_time":3.414655082},
{"learn":[0.35114261],"iteration":31,"passed_time":0.3999395834,"remaining_time":3.349494011},
{"learn":[0.3497396362],"iteration":32,"passed_time":0.4065399417,"remaining_time":3.28927771},
{"learn":[0.3477950158],"iteration":33,"passed_time":0.4125872737,"remaining_time":3.227888671},
{"learn":[0.3465875895],"iteration":34,"passed_time":0.4185628414,"remaining_time":3.169118656},
{"learn":[0.3456067256],"iteration":35,"passed_time":0.4244643889,"remaining_time":3.112738852},
{"learn":[0.3443665646],"iteration":36,"passed_time":0.4305480158,"remaining_time":3.060381842},
{"learn":[0.3434777166],"iteration":37,"passed_time":0.4366604625,"remaining_time":3.010658978},
{"learn":[0.3424686709],"iteration":38,"passed_time":0.4427655381,"remaining_time":2.963123217},
{"learn":[0.341239009],"iteration":39,"passed_time":0.4489027608,"remaining_time":2.917867945},
{"learn":[0.3404474094],"iteration":40,"passed_time":0.4544332728,"remaining_time":2.870688236},
{"learn":[0.3392077129],"iteration":41,"passed_time":0.4607415631,"remaining_time":2.830269602},
{"learn":[0.3380318968],"iteration":42,"passed_time":0.4670122531,"remaining_time":2.791212768},
{"learn":[0.3366348258],"iteration":43,"passed_time":0.4741819611,"remaining_time":2.758876865},
{"learn":[0.3356664235],"iteration":44,"passed_time":0.4813596074,"remaining_time":2.727704442},
{"learn":[0.3350266366],"iteration":45,"passed_time":0.4880527985,"remaining_time":2.694900235},
{"learn":[0.333856589],"iteration":46,"passed_time":0.4943450338,"remaining_time":2.661048799},
{"learn":[0.3330253305],"iteration":47,"passed_time":0.5010822319,"remaining_time":2.630681717},
{"learn":[0.3321305046],"iteration":48,"passed_time":0.507976892,"remaining_time":2.602085712},
{"learn":[0.3310783348],"iteration":49,"passed_time":0.5148391063,"remaining_time":2.574195532},
{"learn":[0.3302183119],"iteration":50,"passed_time":0.5215802521,"remaining_time":2.546538878},
{"learn":[0.3292996468],"iteration":51,"passed_time":0.5280165624,"remaining_time":2.518232836},
{"learn":[0.3287361921],"iteration":52,"passed_time":0.534237611,"remaining_time":2.489748867},
{"learn":[0.3278848446],"iteration":53,"passed_time":0.5408348477,"remaining_time":2.463803195},
{"learn":[0.3272999395],"iteration":54,"passed_time":0.5475405167,"remaining_time":2.43904412},
{"learn":[0.3266204857],"iteration":55,"passed_time":0.5544168513,"remaining_time":2.415673423},
{"learn":[0.3253315951],"iteration":56,"passed_time":0.5616171849,"remaining_time":2.394262736},
{"learn":[0.3245532562],"iteration":57,"passed_time":0.5680420646,"remaining_time":2.370106545},
{"learn":[0.3238384274],"iteration":58,"passed_time":0.5746339411,"remaining_time":2.347233556},
{"learn":[0.3232005855],"iteration":59,"passed_time":0.5815251882,"remaining_time":2.326100753},
{"learn":[0.3227134299],"iteration":60,"passed_time":0.588212011,"remaining_time":2.304633945},
{"learn":[0.3220059501],"iteration":61,"passed_time":0.5953392311,"remaining_time":2.285334468},
{"learn":[0.3211406404],"iteration":62,"passed_time":0.6019770574,"remaining_time":2.264580359},
{"learn":[0.3204389519],"iteration":63,"passed_time":0.608770971,"remaining_time":2.244842955},
{"learn":[0.3198553345],"iteration":64,"passed_time":0.615445549,"remaining_time":2.22507237},
{"learn":[0.3191631661],"iteration":65,"passed_time":0.6220079006,"remaining_time":2.205300739},
{"learn":[0.3185158481],"iteration":66,"passed_time":0.6291619397,"remaining_time":2.187981074},
{"learn":[0.3177617856],"iteration":67,"passed_time":0.6357881771,"remaining_time":2.169159663},
{"learn":[0.3170876294],"iteration":68,"passed_time":0.6430308896,"remaining_time":2.152755587},
{"learn":[0.3162508871],"iteration":69,"passed_time":0.6498111331,"remaining_time":2.135093723},
{"learn":[0.3158468248],"iteration":70,"passed_time":0.6564568552,"remaining_time":2.117304505},
{"learn":[0.3154618438],"iteration":71,"passed_time":0.6630111947,"remaining_time":2.09953545},
{"learn":[0.3144780494],"iteration":72,"passed_time":0.6697879599,"remaining_time":2.0827653},
{"learn":[0.3139193678],"iteration":73,"passed_time":0.6763779642,"remaining_time":2.065694864},
{"learn":[0.3134891749],"iteration":74,"passed_time":0.6827706884,"remaining_time":2.048312065},
{"learn":[0.3130253115],"iteration":75,"passed_time":0.6893450891,"remaining_time":2.031753947},
{"learn":[0.3121580659],"iteration":76,"passed_time":0.6959859849,"remaining_time":2.015647722},
{"learn":[0.3116291692],"iteration":77,"passed_time":0.7026091271,"remaining_time":1.999733669},
{"learn":[0.3112716396],"iteration":78,"passed_time":0.7093024436,"remaining_time":1.98425114},
{"learn":[0.3106757196],"iteration":79,"passed_time":0.7157667726,"remaining_time":1.968358625},
{"learn":[0.3103216603],"iteration":80,"passed_time":0.7224565963,"remaining_time":1.953308575},
{"learn":[0.3096487604],"iteration":81,"passed_time":0.7290290217,"remaining_time":1.938150326},
{"learn":[0.3092820834],"iteration":82,"passed_time":0.7355319643,"remaining_time":1.923017304},
{"learn":[0.3088320407],"iteration":83,"passed_time":0.7422652523,"remaining_time":1.908682077},
{"learn":[0.3080601435],"iteration":84,"passed_time":0.7489586558,"remaining_time":1.894424835},
{"learn":[0.3074433022],"iteration":85,"passed_time":0.7555065196,"remaining_time":1.87998134},
{"learn":[0.3068806272],"iteration":86,"passed_time":0.7617202613,"remaining_time":1.864901329},
{"learn":[0.3061493481],"iteration":87,"passed_time":0.767911427,"remaining_time":1.849968438},
{"learn":[0.3057294076],"iteration":88,"passed_time":0.7747039401,"remaining_time":1.836657656},
{"learn":[0.3050527961],"iteration":89,"passed_time":0.781203141,"remaining_time":1.822807329},
{"learn":[0.304483067],"iteration":90,"passed_time":0.787421676,"remaining_time":1.808473959},
{"learn":[0.304120438],"iteration":91,"passed_time":0.7938300876,"remaining_time":1.794746285},
{"learn":[0.3038551198],"iteration":92,"passed_time":0.8004606153,"remaining_time":1.781670402},
{"learn":[0.3034474502],"iteration":93,"passed_time":0.8065380735,"remaining_time":1.767519608},
{"learn":[0.3029348357],"iteration":94,"passed_time":0.8126441905,"remaining_time":1.753600622},
{"learn":[0.3021942581],"iteration":95,"passed_time":0.8192213696,"remaining_time":1.74084541},
{"learn":[0.3019066775],"iteration":96,"passed_time":0.8259303326,"remaining_time":1.728493376},
{"learn":[0.301455276],"iteration":97,"passed_time":0.8325146532,"remaining_time":1.715999591},
{"learn":[0.3008342715],"iteration":98,"passed_time":0.8393021456,"remaining_time":1.70403769},
{"learn":[0.3002232965],"iteration":99,"passed_time":0.8460894564,"remaining_time":1.692178913},
{"learn":[0.299857688],"iteration":100,"passed_time":0.8527726633,"remaining_time":1.680215446},
{"learn":[0.2993739954],"iteration":101,"passed_time":0.8591568184,"remaining_time":1.667775},
{"learn":[0.2986991879],"iteration":102,"passed_time":0.8656634565,"remaining_time":1.655686417},
{"learn":[0.2983904774],"iteration":103,"passed_time":0.8725144771,"remaining_time":1.644354207},
{"learn":[0.2977590322],"iteration":104,"passed_time":0.8787589457,"remaining_time":1.631980899},
{"learn":[0.297108165],"iteration":105,"passed_time":0.8850790098,"remaining_time":1.619861584},
{"learn":[0.2967690118],"iteration":106,"passed_time":0.8916844396,"remaining_time":1.608365391},
{"learn":[0.296393776],"iteration":107,"passed_time":0.8979647882,"remaining_time":1.596381846},
{"learn":[0.2957856824],"iteration":108,"passed_time":0.9044364422,"remaining_time":1.584838169},
{"learn":[0.2953373865],"iteration":109,"passed_time":0.9109478341,"remaining_time":1.57345535},
{"learn":[0.2949017456],"iteration":110,"passed_time":0.9170630056,"remaining_time":1.561485658},
{"learn":[0.2942305103],"iteration":111,"passed_time":0.9240387139,"remaining_time":1.551064984},
{"learn":[0.2939500006],"iteration":112,"passed_time":0.9302604287,"remaining_time":1.539457524},
{"learn":[0.2934736476],"iteration":113,"passed_time":0.9366661647,"remaining_time":1.528244795},
{"learn":[0.2930722729],"iteration":114,"passed_time":0.9427434694,"remaining_time":1.51658732},
{"learn":[0.29264508],"iteration":115,"passed_time":0.9490158232,"remaining_time":1.505335444},
{"learn":[0.2922300242],"iteration":116,"passed_time":0.9551144705,"remaining_time":1.493896992},
{"learn":[0.2917628135],"iteration":117,"passed_time":0.9615110033,"remaining_time":1.483008497},
{"learn":[0.2913126633],"iteration":118,"passed_time":0.9677317633,"remaining_time":1.471928144},
{"learn":[0.2907105472],"iteration":119,"passed_time":0.9750906852,"remaining_time":1.462636028},
{"learn":[0.2902255455],"iteration":120,"passed_time":0.9822151485,"remaining_time":1.453029021},
{"learn":[0.2899708036],"iteration":121,"passed_time":0.988884354,"remaining_time":1.442798484},
{"learn":[0.2896874664],"iteration":122,"passed_time":0.995822688,"remaining_time":1.433013136},
{"learn":[0.2893581599],"iteration":123,"passed_time":1.002268377,"remaining_time":1.422574471},
{"learn":[0.2884559824],"iteration":124,"passed_time":1.009262032,"remaining_time":1.412966845},
{"learn":[0.2879469169],"iteration":125,"passed_time":1.016220663,"remaining_time":1.403352344},
{"learn":[0.2876518194],"iteration":126,"passed_time":1.023449418,"remaining_time":1.394147633},
{"learn":[0.2872799574],"iteration":127,"passed_time":1.029890689,"remaining_time":1.383915613},
{"learn":[0.2867488742],"iteration":128,"passed_time":1.036970552,"remaining_time":1.374588871},
{"learn":[0.2865332658],"iteration":129,"passed_time":1.043540452,"remaining_time":1.364629822},
{"learn":[0.2857640251],"iteration":130,"passed_time":1.049503425,"remaining_time":1.353939534},
{"learn":[0.2853121247],"iteration":131,"passed_time":1.055911245,"remaining_time":1.343887039},
{"learn":[0.2851232562],"iteration":132,"passed_time":1.061983788,"remaining_time":1.333468366},
{"learn":[0.2845503188],"iteration":133,"passed_time":1.068532473,"remaining_time":1.323704406},
{"learn":[0.2840766477],"iteration":134,"passed_time":1.074658865,"remaining_time":1.313471946},
{"learn":[0.2834636137],"iteration":135,"passed_time":1.080616468,"remaining_time":1.303096329},
{"learn":[0.2830425136],"iteration":136,"passed_time":1.086899792,"remaining_time":1.293172746},
{"learn":[0.2826485448],"iteration":137,"passed_time":1.093157159,"remaining_time":1.283271448},
{"learn":[0.2822555831],"iteration":138,"passed_time":1.099854626,"remaining_time":1.273932337},
{"learn":[0.28194323],"iteration":139,"passed_time":1.10601546,"remaining_time":1.264017669},
{"learn":[0.2816777855],"iteration":140,"passed_time":1.112826421,"remaining_time":1.254889369},
{"learn":[0.2811288285],"iteration":141,"passed_time":1.119359097,"remaining_time":1.245484065},
{"learn":[0.2807697823],"iteration":142,"passed_time":1.125777578,"remaining_time":1.235993565},
{"learn":[0.2805554692],"iteration":143,"passed_time":1.132413506,"remaining_time":1.226781298},
{"learn":[0.2801657281],"iteration":144,"passed_time":1.138691675,"remaining_time":1.217222135},
{"learn":[0.2798702552],"iteration":145,"passed_time":1.145539754,"remaining_time":1.208309055},
{"learn":[0.2792905731],"iteration":146,"passed_time":1.152000905,"remaining_time":1.19902135},
{"learn":[0.2788797277],"iteration":147,"passed_time":1.15880895,"remaining_time":1.190128111},
{"learn":[0.2784585918],"iteration":148,"passed_time":1.165318585,"remaining_time":1.180960446},
{"learn":[0.2782016303],"iteration":149,"passed_time":1.171670728,"remaining_time":1.171670728},
{"learn":[0.2777338491],"iteration":150,"passed_time":1.177782458,"remaining_time":1.16218269},
{"learn":[0.277469764],"iteration":151,"passed_time":1.18367013,"remaining_time":1.152520916},
{"learn":[0.2769716988],"iteration":152,"passed_time":1.189896399,"remaining_time":1.143233795},
{"learn":[0.2765997165],"iteration":153,"passed_time":1.196134026,"remaining_time":1.133997194},
{"learn":[0.2762050701],"iteration":154,"passed_time":1.20227116,"remaining_time":1.124705278},
{"learn":[0.2757596289],"iteration":155,"passed_time":1.208674648,"remaining_time":1.115699675},
{"learn":[0.2753355264],"iteration":156,"passed_time":1.21507834,"remaining_time":1.106727405},
{"learn":[0.2750267142],"iteration":157,"passed_time":1.221721085,"remaining_time":1.098002494},
{"learn":[0.2746545797],"iteration":158,"passed_time":1.228471814,"remaining_time":1.089399533},
{"learn":[0.274436438],"iteration":159,"passed_time":1.235125356,"remaining_time":1.080734687},
{"learn":[0.2741754482],"iteration":160,"passed_time":1.242271931,"remaining_time":1.072520487},
{"learn":[0.2737932978],"iteration":161,"passed_time":1.249478854,"remaining_time":1.064370875},
{"learn":[0.2735694006],"iteration":162,"passed_time":1.256170861,"remaining_time":1.055800049},
{"learn":[0.2731790389],"iteration":163,"passed_time":1.262611772,"remaining_time":1.047043909},
{"learn":[0.2729873151],"iteration":164,"passed_time":1.268844454,"remaining_time":1.038145462},
{"learn":[0.2726800372],"iteration":165,"passed_time":1.275231492,"remaining_time":1.029403735},
{"learn":[0.272433407],"iteration":166,"passed_time":1.281749163,"remaining_time":1.020794243},
{"learn":[0.2720826571],"iteration":167,"passed_time":1.28829436,"remaining_time":1.012231283},
{"learn":[0.271638672],"iteration":168,"passed_time":1.294933929,"remaining_time":1.003765353},
{"learn":[0.2712935554],"iteration":169,"passed_time":1.301937454,"remaining_time":0.9955992297},
{"learn":[0.2709927895],"iteration":170,"passed_time":1.308473815,"remaining_time":0.9870942811},
{"learn":[0.27049124],"iteration":171,"passed_time":1.314677734,"remaining_time":0.9783648256},
{"learn":[0.2701350603],"iteration":172,"passed_time":1.320982268,"remaining_time":0.9697384278},
{"learn":[0.2697028979],"iteration":173,"passed_time":1.327740998,"remaining_time":0.9614676195},
{"learn":[0.2690599011],"iteration":174,"passed_time":1.334332939,"remaining_time":0.9530949561},
{"learn":[0.2687348302],"iteration":175,"passed_time":1.340734917,"remaining_time":0.9446086918},
{"learn":[0.2683660262],"iteration":176,"passed_time":1.347568045,"remaining_time":0.9364455905},
{"learn":[0.2680591692],"iteration":177,"passed_time":1.354110261,"remaining_time":0.9280980442},
{"learn":[0.267618528],"iteration":178,"passed_time":1.360967372,"remaining_time":0.9199835307},
{"learn":[0.2673365026],"iteration":179,"passed_time":1.367494278,"remaining_time":0.9116628523},
{"learn":[0.2670196073],"iteration":180,"passed_time":1.373762892,"remaining_time":0.9031921777},
{"learn":[0.2666840914],"iteration":181,"passed_time":1.380268296,"remaining_time":0.8948992247},
{"learn":[0.2664645699],"iteration":182,"passed_time":1.386845289,"remaining_time":0.8866715779},
{"learn":[0.2655981983],"iteration":183,"passed_time":1.3932802,"remaining_time":0.8783722997},
{"learn":[0.2650757187],"iteration":184,"passed_time":1.399569512,"remaining_time":0.8700026695},
{"learn":[0.264621817],"iteration":185,"passed_time":1.406166239,"remaining_time":0.8618438239},
{"learn":[0.2642923482],"iteration":186,"passed_time":1.413268576,"remaining_time":0.8540072144},
{"learn":[0.2638977517],"iteration":187,"passed_time":1.420084144,"remaining_time":0.8460075749},
{"learn":[0.26320509],"iteration":188,"passed_time":1.426906243,"remaining_time":0.8380243014},
{"learn":[0.2628683651],"iteration":189,"passed_time":1.433228872,"remaining_time":0.8297640839},
{"learn":[0.262644671],"iteration":190,"passed_time":1.440991025,"remaining_time":0.8223456637},
{"learn":[0.2623408794],"iteration":191,"passed_time":1.447934999,"remaining_time":0.8144634367},
{"learn":[0.2620045201],"iteration":192,"passed_time":1.454499646,"remaining_time":0.8063806328},
{"learn":[0.2616803097],"iteration":193,"passed_time":1.460984157,"remaining_time":0.7982696942},
{"learn":[0.261316518],"iteration":194,"passed_time":1.467164155,"remaining_time":0.7900114682},
{"learn":[0.2610318088],"iteration":195,"passed_time":1.473551599,"remaining_time":0.7818845219},
{"learn":[0.260847741],"iteration":196,"passed_time":1.479334559,"remaining_time":0.7734591855},
{"learn":[0.2605042911],"iteration":197,"passed_time":1.485420095,"remaining_time":0.7652164126},
{"learn":[0.2603003233],"iteration":198,"passed_time":1.491606242,"remaining_time":0.7570463839},
{"learn":[0.2599135807],"iteration":199,"passed_time":1.498205777,"remaining_time":0.7491028883},
{"learn":[0.2593917172],"iteration":200,"passed_time":1.505392467,"remaining_time":0.7414619616},
{"learn":[0.259177898],"iteration":201,"passed_time":1.511812052,"remaining_time":0.7334533715},
{"learn":[0.2586984262],"iteration":202,"passed_time":1.517983518,"remaining_time":0.7253418779},
{"learn":[0.2584134498],"iteration":203,"passed_time":1.524297545,"remaining_time":0.7173164917},
{"learn":[0.2581187485],"iteration":204,"passed_time":1.531178404,"remaining_time":0.7095704798},
{"learn":[0.2578454864],"iteration":205,"passed_time":1.537522368,"remaining_time":0.7015878767},
{"learn":[0.2573783786],"iteration":206,"passed_time":1.543728507,"remaining_time":0.6935591841},
{"learn":[0.2571188139],"iteration":207,"passed_time":1.550048238,"remaining_time":0.6855982592},
{"learn":[0.2567263841],"iteration":208,"passed_time":1.556714785,"remaining_time":0.6778040453},
{"learn":[0.2563724794],"iteration":209,"passed_time":1.563256823,"remaining_time":0.66996721},
{"learn":[0.2560643133],"iteration":210,"passed_time":1.569747468,"remaining_time":0.6621209697},
{"learn":[0.2558832976],"iteration":211,"passed_time":1.575989865,"remaining_time":0.6541844725},
{"learn":[0.2554095318],"iteration":212,"passed_time":1.582081987,"remaining_time":0.6462025016},
{"learn":[0.2550204312],"iteration":213,"passed_time":1.588265861,"remaining_time":0.6382750656},
{"learn":[0.2546507304],"iteration":214,"passed_time":1.59452379,"remaining_time":0.6303931261},
{"learn":[0.2543397954],"iteration":215,"passed_time":1.600915051,"remaining_time":0.6225780753},
{"learn":[0.2541455464],"iteration":216,"passed_time":1.607007686,"remaining_time":0.6146619262},
{"learn":[0.2539673558],"iteration":217,"passed_time":1.613251805,"remaining_time":0.6068194862},
{"learn":[0.2537764775],"iteration":218,"passed_time":1.619418449,"remaining_time":0.598962988},
{"learn":[0.2535073607],"iteration":219,"passed_time":1.625930131,"remaining_time":0.5912473202},
{"learn":[0.2531686194],"iteration":220,"passed_time":1.631980922,"remaining_time":0.5833777957},
{"learn":[0.2526726487],"iteration":221,"passed_time":1.638802112,"remaining_time":0.5757953368},
{"learn":[0.2524147688],"iteration":222,"passed_time":1.645579364,"remaining_time":0.5682045338},
{"learn":[0.2522149666],"iteration":223,"passed_time":1.652070581,"remaining_time":0.5605239472},
{"learn":[0.2520112389],"iteration":224,"passed_time":1.658441711,"remaining_time":0.5528139036},
{"learn":[0.2516152492],"iteration":225,"passed_time":1.665012259,"remaining_time":0.5451810053},
{"learn":[0.2513304459],"iteration":226,"passed_time":1.671240979,"remaining_time":0.5374475396},
{"learn":[0.2510901625],"iteration":227,"passed_time":1.677953358,"remaining_time":0.5298800078},
{"learn":[0.2507254766],"iteration":228,"passed_time":1.684265256,"remaining_time":0.522195778},
{"learn":[0.2504142786],"iteration":229,"passed_time":1.690664889,"remaining_time":0.5145501837},
{"learn":[0.2499391783],"iteration":230,"passed_time":1.696994586,"remaining_time":0.5068944867},
{"learn":[0.2495522661],"iteration":231,"passed_time":1.703498623,"remaining_time":0.4993013206},
{"learn":[0.2493317442],"iteration":232,"passed_time":1.709588624,"remaining_time":0.4915984456},
{"learn":[0.2488898179],"iteration":233,"passed_time":1.715920089,"remaining_time":0.483977461},
{"learn":[0.2485376417],"iteration":234,"passed_time":1.731527455,"remaining_time":0.4789331257},
{"learn":[0.2483041044],"iteration":235,"passed_time":1.741939444,"remaining_time":0.4723903577},
{"learn":[0.2481598523],"iteration":236,"passed_time":1.749094119,"remaining_time":0.4649490696},
{"learn":[0.2479261004],"iteration":237,"passed_time":1.754901557,"remaining_time":0.4571592292},
{"learn":[0.2477321884],"iteration":238,"passed_time":1.760404409,"remaining_time":0.4493082382},
{"learn":[0.247470942],"iteration":239,"passed_time":1.765831745,"remaining_time":0.4414579361},
{"learn":[0.2467704904],"iteration":240,"passed_time":1.771563453,"remaining_time":0.4337022562},
{"learn":[0.2464707729],"iteration":241,"passed_time":1.777156486,"remaining_time":0.4259300669},
{"learn":[0.2460197148],"iteration":242,"passed_time":1.782330394,"remaining_time":0.4180774998},
{"learn":[0.2458424645],"iteration":243,"passed_time":1.787782263,"remaining_time":0.4103106834},
{"learn":[0.2456040155],"iteration":244,"passed_time":1.793985266,"remaining_time":0.4027313863},
{"learn":[0.2454459295],"iteration":245,"passed_time":1.800351215,"remaining_time":0.3951990473},
{"learn":[0.2449605652],"iteration":246,"passed_time":1.806802489,"remaining_time":0.3876944612},
{"learn":[0.2446080006],"iteration":247,"passed_time":1.812918833,"remaining_time":0.3801281425},
{"learn":[0.2443848301],"iteration":248,"passed_time":1.819160671,"remaining_time":0.3725991735},
{"learn":[0.2441886178],"iteration":249,"passed_time":1.825485715,"remaining_time":0.3650971429},
{"learn":[0.2437892783],"iteration":250,"passed_time":1.832265921,"remaining_time":0.3576933472},
{"learn":[0.2436339126],"iteration":251,"passed_time":1.838584228,"remaining_time":0.3502065197},
{"learn":[0.2434250631],"iteration":252,"passed_time":1.844826378,"remaining_time":0.3427147817},
{"learn":[0.2428834058],"iteration":253,"passed_time":1.85162569,"remaining_time":0.3353337865},
{"learn":[0.2426484774],"iteration":254,"passed_time":1.857796935,"remaining_time":0.327846518},
{"learn":[0.2425319347],"iteration":255,"passed_time":1.864582886,"remaining_time":0.3204751836},
{"learn":[0.2424061702],"iteration":256,"passed_time":1.871089241,"remaining_time":0.313061624},
{"learn":[0.242291233],"iteration":257,"passed_time":1.877333164,"remaining_time":0.3056123755},
{"learn":[0.2418589157],"iteration":258,"passed_time":1.884265038,"remaining_time":0.2982813381},
{"learn":[0.2416022888],"iteration":259,"passed_time":1.890853158,"remaining_time":0.2909004858},
{"learn":[0.2411970433],"iteration":260,"passed_time":1.897072625,"remaining_time":0.2834706221},
{"learn":[0.2410457353],"iteration":261,"passed_time":1.903128112,"remaining_time":0.2760262147},
{"learn":[0.2405729572],"iteration":262,"passed_time":1.909413959,"remaining_time":0.2686247775},
{"learn":[0.2402633087],"iteration":263,"passed_time":1.915222094,"remaining_time":0.2611666492},
{"learn":[0.2400436108],"iteration":264,"passed_time":1.921566986,"remaining_time":0.253791866},
{"learn":[0.2398437157],"iteration":265,"passed_time":1.927618054,"remaining_time":0.2463872701},
{"learn":[0.2393781363],"iteration":266,"passed_time":1.934025379,"remaining_time":0.2390368446},
{"learn":[0.2391365088],"iteration":267,"passed_time":1.940265484,"remaining_time":0.2316734907},
{"learn":[0.2388868794],"iteration":268,"passed_time":1.946277287,"remaining_time":0.2242921781},
{"learn":[0.2387118855],"iteration":269,"passed_time":1.952597035,"remaining_time":0.2169552261},
{"learn":[0.2383768909],"iteration":270,"passed_time":1.959508113,"remaining_time":0.20968906},
{"learn":[0.2382211796],"iteration":271,"passed_time":1.966300604,"remaining_time":0.2024132975},
{"learn":[0.2379774947],"iteration":272,"passed_time":1.9724639,"remaining_time":0.1950788472},
{"learn":[0.2375266141],"iteration":273,"passed_time":1.978971172,"remaining_time":0.1877855857},
{"learn":[0.2372440231],"iteration":274,"passed_time":1.985612771,"remaining_time":0.1805102519},
{"learn":[0.2368824115],"iteration":275,"passed_time":1.991572719,"remaining_time":0.1731802364},
{"learn":[0.2365887988],"iteration":276,"passed_time":1.997904459,"remaining_time":0.165890984},
{"learn":[0.2364331542],"iteration":277,"passed_time":2.004284819,"remaining_time":0.1586124677},
{"learn":[0.2362559725],"iteration":278,"passed_time":2.010840021,"remaining_time":0.1513535499},
{"learn":[0.2360103362],"iteration":279,"passed_time":2.017476859,"remaining_time":0.14410549},
{"learn":[0.2357585417],"iteration":280,"passed_time":2.023586094,"remaining_time":0.136826106},
{"learn":[0.2355671108],"iteration":281,"passed_time":2.029745656,"remaining_time":0.1295582333},
{"learn":[0.2352620706],"iteration":282,"passed_time":2.035774281,"remaining_time":0.1222903279},
{"learn":[0.2350243923],"iteration":283,"passed_time":2.041985964,"remaining_time":0.1150414627},
{"learn":[0.2347447537],"iteration":284,"passed_time":2.048471437,"remaining_time":0.1078142861},
{"learn":[0.2346112941],"iteration":285,"passed_time":2.055076271,"remaining_time":0.1005981391},
{"learn":[0.2343866702],"iteration":286,"passed_time":2.061437969,"remaining_time":0.093375239},
{"learn":[0.2341323185],"iteration":287,"passed_time":2.067572242,"remaining_time":0.08614884341},
{"learn":[0.2339470564],"iteration":288,"passed_time":2.073932099,"remaining_time":0.07893859199},
{"learn":[0.2337075219],"iteration":289,"passed_time":2.080300692,"remaining_time":0.07173450661},
{"learn":[0.2332123388],"iteration":290,"passed_time":2.0871609,"remaining_time":0.06455136805},
{"learn":[0.232757812],"iteration":291,"passed_time":2.093941195,"remaining_time":0.05736825191},
{"learn":[0.2323064716],"iteration":292,"passed_time":2.10063127,"remaining_time":0.05018573},
{"learn":[0.2321455066],"iteration":293,"passed_time":2.107609939,"remaining_time":0.04301244773},
{"learn":[0.2318729304],"iteration":294,"passed_time":2.114026834,"remaining_time":0.03583096329},
{"learn":[0.2317002743],"iteration":295,"passed_time":2.120060304,"remaining_time":0.02864946356},
{"learn":[0.2314356979],"iteration":296,"passed_time":2.126295049,"remaining_time":0.02147772777},
{"learn":[0.2311849961],"iteration":297,"passed_time":2.13301011,"remaining_time":0.01431550409},
{"learn":[0.2309206375],"iteration":298,"passed_time":2.139413679,"remaining_time":0.007155229694},
{"learn":[0.2307280337],"iteration":299,"passed_time":2.145742044,"remaining_time":0}
]}