﻿,SN_x,slno,eqID,eqName,loc,srvNo,fails,SN_y,reportDate,failedDate,rectifiedDate,correctiveActionRefNo,report
0,1,C1954Y1,NOP/STC/01,Station Computer-01 DELL-T5600,TELEMETRY,-,3,1,2/11/2015,2/11/2015,2/11/2015,System Reset,
1,1,C1954Y1,NOP/STC/01,Station Computer-01 DELL-T5600,TELEMETRY,-,3,2,20/03/2019,20/03/2019,21/03/2019,Report attached,
2,1,C1954Y1,NOP/STC/01,Station Computer-01 DELL-T5600,TELEMETRY,-,3,3,11/10/2021,10/10/2021,11/10/2021,Report attached (preventive maintenance),
3,2,81954Y1,NOP/STC/02,Station Computer-02 DELL-T5600,TELEMETRY,-,2,4,4/9/2018,3/9/2018,4/9/2018,9-Jan,
4,2,81954Y1,NOP/STC/02,Station Computer-02 DELL-T5600,TELEMETRY,-,2,5,9/6/2022,9/6/2022,9/6/2022,22-Jan,
5,24,,NOP/NRTR/02,NCC Router-02 CISCO System 2811,IRDCN,-,1,7,11/10/2018,11/10/2018,11/10/2018,Configured as NCC Redt Router,
6,30,22954Y1,NOP///STC/05,Station Computer-05 DELL-T5600,TELEMETRY,-,1,6,2/11/2018,2/11/2018,3/11/2018,System configured with single HDD (As EOM was unable to provide service for faculty parts),
7,34,71954Y1,NOP///UHF/RX,UHF Computer DELL-T5600,TELEMETRY,-,0,8,25/01/2016,25/01/2016,25/01/2016,Refer form attached,
8,34,71954Y1,NOP///UHF/RX,UHF Computer DELL-T5600,TELEMETRY,-,0,9,26/02/2016,26/02/2016,26/02/2016,Refer form attached,
9,34,71954Y1,NOP///UHF/RX,UHF Computer DELL-T5600,TELEMETRY,-,0,10,9/3/2016,9/3/2016,9/3/2016,Refer form attached,
10,34,71954Y1,NOP///UHF/RX,UHF Computer DELL-T5600,TELEMETRY,-,0,11,8/4/2022,8/4/2022,8/4/2022,Refer form attached,
