SN,slno,eqID,eqName,loc,srvNo,fails
1,C1954Y1,NOP/STC/01,Station Computer-01 DELL-T5600,TELEMETRY,-,3
2,81954Y1,NOP/STC/02,Station Computer-02 DELL-T5600,TELEMETRY,-,2
3,B1954Y1,NOP/STC/04,Station Computer-04 DELL-T5600,TELEMETRY,-,0
4,712656.035,NOP/GEI/01,GEI-SPARE BECKHOFF/C5101-0010,COMP LAB,AC/A0002,0
5,80104034,NOP/KVM/01,3 in 1 Control Center RKVM-1501 RS_400CD_US,EAST ANT ROOM,AC/A0003,0
6,FF2ZQ13,NOP/STC/03,Station Computer-03 DELL-T5600,TELEMETRY,-,0
7,80104035,NOP/KVM/02,3 in 1 Control Center RKVM-1501RS_400CD_US,WEST ANT ROOM,AC/A0004,0
8,712656.038,NOP/GEI/03,GEI-SPARE BECKHOFF/C5101-0010,COMP LAB,AC/A0005,0
9,712656.034,NOP/GEI/02,GEI-EAST BECKHOFF/C5101-0010,EAST ANT ROOM,AC/A0006,0
10,80104038,NOP/KVM/03,3 in 1 Control Center RKVM-1501RS_400CD_US,TELEMETRY,AC/A0007,0
11,712656.04,NOP/GEI/04,GEI-WEST BECKHOFF/C5101-0010,WEST ANT ROOM,AC/A0008,0
12,VNB8B5YJ2G,NOP/NPRN/01,HP LaserJet Printer P3015,TELEMETRY,-,0
13,BCV2242J06T,NOP/SW/01,TTC-LAN SWITCH-01 Brocade FCX624S Series,TELEMETRY,-,0
14,BCV2242J0AV,NOP/SW/02,TTC-LAN SWITCH-02 Brocade FCX624S Series,TELEMETRY,-,0
15,BCV2241J0AK,NOP/SW/03,TTC-LAN SWITCH-02 Brocade FCX624S Series,SPARE,-,0
16,,NOP/SW/04,TTC-LAN SWITCH-02 Brocade Ruckus-ICX7150,EAST ANT ROOM,-,0
17,,NOP/SW/05,TTC-LAN SWITCH-02 Brocade Ruckus-ICX7150,WEST ANT ROOM,-,0
18,,NOP/SW/06,TTC-LAN SWITCH-02 Brocade Ruckus-ICX7150,SPARE,-,0
19,7SJ3V72,NOP/MCP/01,Monitor & Control Processor-01 DELL Power Edge R730 & DELL Monitor,TELEMETRY,-,0
20,7XY2V72,NOP/MCP/02,Monitor & Control Processor-02 DELL Power Edge R730 & DELL Monitor,TELEMETRY,-,0
21,BCV2241J0A6,NOP/NSW/01,NCC LAN Switch-01 Brocade FCX624S Series,TELEMETRY,-,0
22,BCV2241J0B1,NOP/NSW/02,NCC LAN Switch-02 Brocade FCX624S Series,TELEMETRY,-,0
23,FMKD85031TK,NOP/NRTR/01,NCC Router-01 CISCO System 1760,IRDCN,AC/IE/5336,0
24,,NOP/NRTR/02,NCC Router-02 CISCO System 2811,IRDCN,-,1
25,FMKD85011UG,NOP///NRTR/03,NCC Router-02 CISCO System 1760,SPARE,AC/IE/5334,0
26,,NOP///SIMPC01,BECKHOFF,TELEMETRY,-,0
27,,NOP///SIMPC02,BECKHOFF,TELEMETRY,-,0
28,,NOP///RKVM/04,RKVM,TELEMETRY,-,0
29,5DR1VG2,NOP///GEI/TM,DELL Power Edge R730,TELEMETRY,-,0
30,22954Y1,NOP///STC/05,Station Computer-05 DELL-T5600,TELEMETRY,-,1
31,,NOP///STC/06,Station Computer-06 DELL-T5600,TELEMETRY,-,0
32,,Station GW1,DELL Precision 5820,TELEMETRY,-,0
33,,Station GW2,DELL Precision 5820,TELEMETRY,-,0
34,71954Y1,NOP///UHF/RX,UHF Computer DELL-T5600,TELEMETRY,-,0
35,INA308X24M,NOP///UHF/TX,VHF Computer HP Compaq pro 6300,TELEMETRY,-,0
36,,Replacement for STC,DELL Precision 5820,LAB,-,0
37,,Replacement for STC,DELL Precision 5820,LAB,-,0
38,,NOP///STC/07,Station Computer-01 DELL-T5820,/_ANT-ROOM,-,0
39,,NOP///STC/08,Station Computer-02 DELL-T5820,/_ANT-ROOM,-,0
40,,NOP///MCP/01,Monitor & Control Processor-01 Fujitsu server IX PY-RX1330M4,/_ANT-ROOM,-,0
41,,NOP///MCP/02,Monitor & Control Processor-02 Fujitsu server IX PY-RX1330M4,/_ANT-ROOM,-,0
42,,NOP///GEI/01,General Equipment Interface Fujitsu server IX PY-RX1330M4,/_ANT-ROOM,-,0
43,,LAN/SW/01,LAN Switch-01 DELL-EMC,/_ANT-ROOM,-,0
44,,LAN/SW/02,LAN Switch-01 DELL-EMC,/_ANT-ROOM,-,0
45,,LAN/SW/03,LAN Switch-01 DELL-EMC,/_ANT-ROOM,-,0
46,,LAN/SW/04,LAN Switch-01 DELL-EMC,/_ANT-ROOM,-,0
47,,SCC_LAN SW/01,FOUNDRY,/_ANT-ROOM,-,0
48,,SCC_LAN SW/02,FOUNDRY,/_ANT-ROOM,-,0
49,,RKVM/01,IP Based RKVM,/_ANT-ROOM,-,0
50,,NOP///SW/07,Ethernet Switch,,-,0
51,,NOP///SW/08,Ethernet Switch,,-,0
52,,NOP///SW/09,Ethernet Switch,,-,0
53,,NOP///PS/01,24/28V DC Power Supply,,-,0
54,,NOP///PS/02,24/28V DC Power Supply,,-,0
55,,NOP///PS/03,24/28V DC Power Supply,,-,0
56,,NOP///PS/04,24/28V DC Power Supply,,-,0
57,,NOP///PS/05,24/28V DC Power Supply,,-,0
58,,NOP///PS/06,24/28V DC Power Supply,,-,0
59,248,NOP///PS/07,24/28V DC Power Supply,,-,0
60,SL-03308-127-567-782,NOP///TH_COM/01,Thinvent Thinclient,TELEMETRY,-,0
61,SL-03308-127-567-783,NOP///TH_COM/02,Thinvent Thinclient,LAB,-,0
62,SL-03308-127-567-784,NOP///TH_COM/03,Thinvent Thinclient,LAB,-,0
