"SN","eqID","reportDate","failedDate","rectifiedDate","correctiveActionRefNo","report"
"1","NOP/STC/01","2/11/2015","2/11/2015","2/11/2015","System Reset",""
"2","NOP/STC/01","20/03/2019","20/03/2019","21/03/2019","Report attached",""
"3","NOP/STC/01","11/10/2021","10/10/2021","11/10/2021","Report attached (preventive maintenance)",""
"4","NOP/STC/02","4/9/2018","3/9/2018","4/9/2018","9-Jan",""
"5","NOP/STC/02","9/6/2022","9/6/2022","9/6/2022","22-Jan",""
"6","NOP///STC/05","2/11/2018","2/11/2018","3/11/2018","System configured with single HDD (As EOM was unable to provide service for faculty parts)",""
"7","NOP/NRTR/02","11/10/2018","11/10/2018","11/10/2018","Configured as NCC Redt Router",""
"8","NOP///UHF/RX","25/01/2016","25/01/2016","25/01/2016","Refer form attached",""
"9","NOP///UHF/RX","26/02/2016","26/02/2016","26/02/2016","Refer form attached",""
"10","NOP///UHF/RX","9/3/2016","9/3/2016","9/3/2016","Refer form attached",""
"11","NOP///UHF/RX","8/4/2022","8/4/2022","8/4/2022","Refer form attached",""
